machine_id,cycle,recorded_at,temperature,vibration,health
M01,1,01-07-2024 15:55,64.19,0.769,Healthy
M01,2,01-07-2024 17:40,81.15,1.001,Warning
M02,1,01-07-2024 11:16,67.68,0.804,Healthy
M02,2,01-07-2024 13:50,66.3,0.814,Healthy
M02,3,01-07-2024 17:04,65.38,0.765,Healthy
M03,1,01-07-2024 09:09,66.5,0.847,Healthy
M03,2,01-07-2024 14:48,80.24,1.236,Warning
M04,1,01-07-2024 08:13,63.09,0.837,Healthy
M04,2,01-07-2024 12:12,64.87,0.78,Healthy
M04,3,01-07-2024 17:59,64.18,0.934,Healthy
M05,1,01-07-2024 14:17,77.08,1.291,Healthy
M05,2,01-07-2024 15:13,67.1,0.81,Healthy
M05,3,01-07-2024 16:09,63.64,0.738,Healthy
M05,4,01-07-2024 17:46,64.02,0.802,Healthy
M06,1,01-07-2024 13:36,77.35,1.204,Healthy
M06,2,01-07-2024 16:36,63.33,0.799,Healthy
M07,1,01-07-2024 09:01,80.35,1.243,Warning
M07,2,01-07-2024 10:08,77.28,1.277,Healthy
M07,3,01-07-2024 13:08,64.89,0.815,Healthy
M08,1,01-07-2024 10:03,80.39,1.242,Warning
M08,2,01-07-2024 15:34,81.57,1.104,Warning
M09,1,01-07-2024 09:37,83.43,1.131,Warning
M09,2,01-07-2024 12:27,66.7,0.858,Healthy
M09,3,01-07-2024 15:27,65.66,0.867,Healthy
M10,1,01-07-2024 10:21,64.26,0.784,Healthy
M10,2,01-07-2024 11:30,62.94,0.877,Healthy
M11,1,01-07-2024 08:00,66.85,0.822,Healthy
M11,2,01-07-2024 09:53,66.55,0.796,Healthy
M11,3,01-07-2024 11:45,83.73,1.253,Warning
M11,4,01-07-2024 12:40,62.52,0.807,Healthy
M12,1,01-07-2024 11:43,67.19,0.852,Healthy
M12,2,01-07-2024 14:04,65.25,0.796,Healthy
M13,1,01-07-2024 09:36,66.81,0.768,Healthy
M13,2,01-07-2024 13:34,80.14,1.185,Warning
M13,3,01-07-2024 17:31,67.55,0.8,Healthy
M14,1,01-07-2024 15:42,73.84,1.094,Healthy
M14,2,01-07-2024 17:17,64.44,0.88,Healthy
M15,1,01-07-2024 08:27,65.1,0.791,Healthy
M15,2,01-07-2024 10:35,65.87,0.826,Healthy
M15,3,01-07-2024 14:59,68.47,0.771,Healthy
M16,1,01-07-2024 08:41,65.78,0.796,Healthy
M16,2,01-07-2024 09:51,80.88,1.318,Warning
M17,1,01-07-2024 12:54,68.47,0.736,Healthy
M17,2,01-07-2024 14:31,62.51,0.877,Healthy
M17,3,01-07-2024 16:23,78.19,1.297,Healthy
M18,1,01-07-2024 11:03,62.61,0.79,Healthy
M18,2,01-07-2024 13:22,68.43,0.76,Healthy
M19,1,01-07-2024 10:49,63.52,0.705,Healthy
M19,2,01-07-2024 11:58,66.63,0.761,Healthy
M19,3,01-07-2024 14:45,65.61,0.771,Healthy
M20,1,01-07-2024 08:54,73.43,1.159,Healthy
M20,2,01-07-2024 09:23,64.39,0.767,Healthy
M20,3,01-07-2024 12:21,81.08,1.256,Warning
M20,4,01-07-2024 16:50,65.71,0.8,Healthy
